{
    "player_data": [
        {
            "username": "Peter",
            "password": "832jce83912deddwa",
            "chip": -1900
        },
        {
            "username": "Amy",
            "password": "832jce83912deddwa",
            "chip": -2200
        },
        {
            "username": "Tom",
            "password": "832jce83912deddwa",
            "chip": -1600
        },
        {
            "username": "John",
            "password": "832jce83912deddwa",
            "chip": -1600
        },
        {
            "username": "Rex",
            "password": "12345",
            "chip": 9997400
        }
    ]
}